AccX,AccY,AccZ,GyroX,GyroY,GyroZ,Timestamp,Classification
0.032159565012510535,-0.006293399608408458,0.8727113893891941,-0.005899312231117999,-0.00993445513254063,0.008861167049897176,2025-11-30 12:00:00,Lying
0.015468027058619648,0.014407329233861794,0.9007849656869799,-0.017766928520282253,0.032349104264076944,-0.011149289817457783,2025-11-30 12:00:10,Lying
0.00019865751750147926,0.02127757397980539,0.8996592242504289,-0.015263607470767802,-0.014570634127703513,0.008444966389614186,2025-11-30 12:00:20,Lying
-0.005566595596443238,-0.011301396987972025,0.8985844389593726,0.0020112566987839724,0.04471954764534864,-0.006033130975621556,2025-11-30 12:00:30,Lying
-0.01727850787521495,0.01909294296727956,0.884373287168724,0.04041026309758656,0.023071389388375448,0.013356165719734511,2025-11-30 12:00:40,Lying
-0.002625794155448762,0.021698205844018582,0.9008880071104683,-0.01741188231714996,0.004098152216298741,-0.013258758481340657,2025-11-30 12:00:50,Lying
0.0009771309847180498,0.036412300077782705,0.9158264291902806,0.002716061700168308,-0.0067713066534969436,-0.0162643351008707,2025-11-30 12:01:00,Lying
0.00290726380081988,-0.02409554599877431,0.9010296371645375,0.016073375598633963,0.027380822816965272,-0.00425143871782832,2025-11-30 12:01:10,Lying
0.02709666574388133,0.0003398588962492248,0.8778892338932456,-0.019425543680222705,-0.017366057892704668,0.01910458817994551,2025-11-30 12:01:20,Lying
-0.01941620828919655,-0.03110241795246189,0.9129830544142624,0.035707127383044344,-0.005796456256190019,-0.004637909240788416,2025-11-30 12:01:30,Lying
0.029072764002916897,-0.009340547946963573,0.9070947570573871,-0.013186149502697067,-0.012798222864282954,0.010733312399336243,2025-11-30 12:01:40,Lying
-0.022651569338437927,-0.02057765816822172,0.896900525332229,0.03668620377355013,-0.012122808061699932,0.03905172007062314,2025-11-30 12:01:50,Lying
0.011642497740399986,0.02558245169002972,0.885092366015517,-0.01433412248173317,0.024429254208843548,0.004414166949440103,2025-11-30 12:02:00,Lying
-0.028027004081676556,-0.00011022252209437812,0.8997247933410154,0.009847615587406851,-0.004631329337333852,-0.01561983363039324,2025-11-30 12:02:10,Lying
-0.012565943400938447,-0.023673828088157167,0.9250268364382358,0.025884611519890757,-0.02330507220432762,-0.012569202957147205,2025-11-30 12:02:20,Lying
-0.0003514621616988707,-0.007795502214484332,0.885470188332308,-0.01703480146190491,-0.014348719470027175,0.0013834005990354468,2025-11-30 12:02:30,Lying
0.003900923273210722,0.01597022402437822,0.9099327692451584,0.011061149030528605,-0.015054258240886244,-0.006554664172965625,2025-11-30 12:02:40,Lying
-0.011908613176548349,-0.004637781657632422,0.922235921057937,-0.004908412947537253,-0.003277183007574608,0.008995213037808128,2025-11-30 12:02:50,Lying
-0.025639990835045406,-0.01004555633728447,0.890921122312095,-0.0007183128404919097,0.003893202609065174,-0.02628880977968963,2025-11-30 12:03:00,Lying
-0.028386592488684453,-0.02856923158356417,0.9088894321782237,-0.008388590870365855,-0.008399510541659817,0.014488021296012706,2025-11-30 12:03:10,Lying
-0.008920364616468262,-0.007652165616310488,0.9121589471618619,-0.011604717792092887,-0.026380670012111387,0.014949963913525273,2025-11-30 12:03:20,Lying
-0.01941528602511136,-0.0009539150645348652,0.8980796990407638,0.00890750247436829,-0.02028492784596184,0.0009743092329545816,2025-11-30 12:03:30,Lying
-0.012847553001938362,0.013204098908228646,0.9061919048453111,-0.009510828300486275,0.01840789817805707,-0.01176246341503916,2025-11-30 12:03:40,Lying
0.009386322899023776,-0.017177615662329546,0.9181583612540851,-0.010162855363104389,-0.00125705094468778,-0.030301867647613803,2025-11-30 12:03:50,Lying
-0.00832231378504225,-0.023900895471784943,0.9025836490336419,0.014023098967955606,0.03207837679947394,-0.005581620028896497,2025-11-30 12:04:00,Lying
-0.014509382778736972,0.02450110342134166,0.9175583293256867,0.008571691428267973,-0.021989770661772875,-0.04413353583685539,2025-11-30 12:04:10,Lying
-0.016384164711415135,-0.0034099571234692443,0.9052455195114629,-0.013991313598282467,-0.027939739810797008,0.035406183848179895,2025-11-30 12:04:20,Lying
-0.0069419208171840096,-0.0016180233306150491,0.8863888301234609,0.03233613435908393,0.00047936344436376303,-0.0013218962203763915,2025-11-30 12:04:30,Lying
0.005963096351877299,-0.008499408729448873,0.9169522519338832,-0.0034379890003686246,0.004389504945791993,-0.010302775819319647,2025-11-30 12:04:40,Lying
-0.0017468473597996106,-0.02595382583068015,0.8996836020343643,0.01016104838711796,-0.02578154410795263,0.0006117947647474844,2025-11-30 12:04:50,Lying
0.008226097692256327,0.038313153130522734,0.8948063966427281,-0.0012555027311924873,-0.0051983679367671445,-0.004443111064222087,2025-11-30 12:05:00,Lying
0.00867070262241853,0.021177289113762855,0.928042484269251,0.02016158843456169,0.037051692193863124,0.008452227980191298,2025-11-30 12:05:10,Lying
-0.007181792822839446,0.02865942386335198,0.8874223859348449,0.0009474027935738984,-0.016458414005352143,0.02393630070927638,2025-11-30 12:05:20,Lying
0.02942137976849248,-0.04213554992066668,0.8860848431727772,0.005054873179037793,-0.010727339836771812,-0.007972786922485152,2025-11-30 12:05:30,Lying
-0.011060106816551186,-0.009646388528454017,0.9003471208500781,-0.010205932546683907,0.002665691165109365,-0.019307221471066317,2025-11-30 12:05:40,Lying
0.012694480630217842,-0.011970860130968998,0.9081873820583621,0.003939942726616492,0.0043178304589568724,-0.03539458107661644,2025-11-30 12:05:50,Lying
0.01906416265077608,-0.01613987402245457,0.8945474380879548,0.016174460253801058,-0.016913437117553578,-0.019798913901263322,2025-11-30 12:06:00,Lying
-0.02083225868986102,0.0048962441995434956,0.8936923498677857,-0.026584786298584927,0.02266336200513599,-0.012768934816186983,2025-11-30 12:06:10,Lying
-0.02587005986464921,-0.014396503361372525,0.9042009616510607,-0.03484789441038541,-0.011032732781841635,0.018995776260383703,2025-11-30 12:06:20,Lying
-0.01218667898845433,0.028253375626740507,0.9031493103162478,-0.009540700324617166,0.0325880816400987,-0.045642244041746265,2025-11-30 12:06:30,Lying
-0.04181357232446645,0.011048864102475926,0.8982568932277809,0.0015233559932652113,-0.039354189755186064,0.028312725858215166,2025-11-30 12:06:40,Lying
-0.010049339774551825,0.032444716184907844,0.8924457911017751,-0.02958013766975012,0.02540601067791305,0.030958454678282767,2025-11-30 12:06:50,Lying
-0.02913964326083373,0.012087853231773884,0.906448703148034,0.006003602775282825,0.024335776413748587,0.029249961503681896,2025-11-30 12:07:00,Lying
-0.03572309347261833,0.006605986725430617,0.8544868453552638,-0.01701835620565818,-0.04375911313951631,0.020668786154910346,2025-11-30 12:07:10,Lying
-0.017029190193614246,0.003633844522677769,0.9242987629235462,0.0005336891603586565,-0.007209500660916285,-0.0182750422461536,2025-11-30 12:07:20,Lying
0.0063598789223183625,-0.028931170475481542,0.9100013427890097,0.04162283937664215,0.01448646032986827,0.0033353778319454895,2025-11-30 12:07:30,Lying
0.008452597414565293,0.0007616157405716592,0.8671619163494796,0.014602093944228928,-0.012759795434387383,-0.01499457939239529,2025-11-30 12:07:40,Lying
0.006466323304163616,-0.011051291023043353,0.8588649138270134,-0.017318099440804532,0.004922676352970265,-0.00378064157367544,2025-11-30 12:07:50,Lying
0.025774551924732773,-0.00409972449154127,0.8932514407874943,-0.0011328446190234786,0.015681926981585638,0.004424146838897329,2025-11-30 12:08:00,Lying
-0.0007990785584481261,-0.00533337086215082,0.9183188905342755,-0.017181593774159173,0.0010878693206018352,0.000494141334736308,2025-11-30 12:08:10,Lying
-0.011318882740949297,0.0029251878472262554,0.9074825738305472,0.023174292201921905,0.022084049167605674,-0.023885868407044503,2025-11-30 12:08:20,Lying
0.02122863455166435,0.00907287290111873,0.8852394535096815,-0.011835334476677901,0.025617239846385816,0.011274891458501763,2025-11-30 12:08:30,Lying
0.01854170918136963,-0.015639497769235934,0.9287805404322718,-0.03715078854955513,0.015933555950389013,-0.02471499263983525,2025-11-30 12:08:40,Lying
0.029481332729670493,-0.02078250170831334,0.9062485636482537,0.008743029097132692,0.009586575011355472,0.004639509236368303,2025-11-30 12:08:50,Lying
0.007866634230058905,-0.018050687458788416,0.8586480598594937,-0.009727809145343309,0.005355498421375409,0.013990406911832023,2025-11-30 12:09:00,Lying
-0.02169623758392842,0.024297787260745843,0.8853390138479633,-0.013410606896584437,0.012265942397661383,-0.03596747118852452,2025-11-30 12:09:10,Lying
0.024792539583899435,-0.014537715591756125,0.9172466907945628,0.015170998233177588,-0.0073856216124321625,0.04322695737228277,2025-11-30 12:09:20,Lying
0.006136802478187068,0.00871256541777014,0.8945152415784583,-0.02379610993709133,0.01812516215699827,0.012028843651769911,2025-11-30 12:09:30,Lying
-0.019336445660388855,-0.023730161555745987,0.8679103868876662,0.0021432070232412993,-0.010044787180985974,0.012486389499252487,2025-11-30 12:09:40,Lying
0.04021299630819132,-0.03401810564215678,0.9129855201214905,0.01638769928305461,-0.01845737354510541,-0.028521648662877604,2025-11-30 12:09:50,Lying
-0.005241544884118507,-0.011982378750248523,0.8863097862609403,0.007527612514884934,-0.015276060162903862,0.01050294696545112,2025-11-30 12:10:00,Lying
-0.02273630447347875,-0.021942609394629234,0.9042034092928247,0.005908019272144286,0.05064842504263381,0.01950313862354487,2025-11-30 12:10:10,Lying
-0.02276494744174398,0.0476458181157449,0.91713658081485,-0.04194307994120266,-0.008979133270715325,0.02085998870413562,2025-11-30 12:10:20,Lying
0.004886390319050639,-0.00816998130346985,0.8833251906590565,0.04091233014714746,0.01599594029149662,-0.03176664545699928,2025-11-30 12:10:30,Lying
0.01668545306477232,-0.002518881734944288,0.9060694702427655,0.03185180119653599,-0.003547366178572157,0.021255229129875666,2025-11-30 12:10:40,Lying
-0.018998914932177743,-0.015442184072549022,0.9013668517740077,-0.005248289858488552,0.01800469325061345,0.0055876608485611046,2025-11-30 12:10:50,Lying
0.013443579432953198,0.004750363010351039,0.8921776643294781,-0.020192867751086047,0.0747005350253898,-0.008717073017188014,2025-11-30 12:11:00,Lying
-0.0066348107793508596,0.004522407520327882,0.900170661320736,0.02113958219874564,0.0008381999898025984,-0.026334189216470242,2025-11-30 12:11:10,Lying
-0.00045137385110647217,0.011605237311484105,0.9126933621189224,0.03464334099131303,0.026262874704132116,0.024385315573970598,2025-11-30 12:11:20,Lying
-0.007904491025760551,0.0018676807098352152,0.8868711410838348,0.01636983406041711,0.017867287621321722,0.005930674907653821,2025-11-30 12:11:30,Lying
0.00291575552456052,-0.007167006366344944,0.9485271562830313,-0.013155220764244302,-0.00607554673337304,-0.03854834612930438,2025-11-30 12:11:40,Lying
0.000545396626080079,0.016253796584579344,0.91326927540036,-0.038453388053622646,0.04049999035105522,0.0022218242145906606,2025-11-30 12:11:50,Lying
-0.01610210532076563,-0.005568107220320973,0.8941418713648172,0.05128160695991913,0.0014228775163475358,-0.02984770285613116,2025-11-30 12:12:00,Lying
0.007854079157868853,0.011734717018000924,0.907124769497272,-0.0008674480924794702,0.0021427242922377734,-0.00792167099118825,2025-11-30 12:12:10,Lying
0.03835375429761094,-0.012969599991147884,0.8776421320617224,-0.03282155887966072,-0.03870672703492,0.03332719099058651,2025-11-30 12:12:20,Lying
0.015149318483698625,0.00810812959602077,0.9320779171668175,0.012063257993420836,-0.02557695279118977,0.012807516652965058,2025-11-30 12:12:30,Lying
-0.012406379090098433,-0.003913848063033219,0.9196921541952036,0.03079036167794377,-0.03678352191278085,-0.003383342713954952,2025-11-30 12:12:40,Lying
0.014697833220292951,-0.02787655932287547,0.9048602031585463,0.032325592044276194,-0.019488950594945004,-0.022216521465983168,2025-11-30 12:12:50,Lying
0.026268799188191087,0.015096881833916075,0.9135392356683839,0.042018916660401175,-0.029689648319540095,0.016522988522304653,2025-11-30 12:13:00,Lying
-0.025149108481247812,-0.008807967517274291,0.912989343076595,0.03381734961189063,-0.008863698820958735,0.008775327763567457,2025-11-30 12:13:10,Lying
-0.012073715282109779,-0.001017304367775678,0.9486434661962808,0.014129967050174101,-0.024247720168555024,0.02074624399976586,2025-11-30 12:13:20,Lying
0.013687126203397024,0.002847575071421759,0.891160168337667,-0.006579722376840123,-0.009361010399253276,-0.007782892733730267,2025-11-30 12:13:30,Lying
-0.010129481535159272,-0.023064819404749408,0.9152618232619871,-0.01701809882710191,-0.01920922197097325,0.011678221006545647,2025-11-30 12:13:40,Lying
-0.004486001798912668,0.02052730166275359,0.8839275281881988,0.0025771823190825216,-0.023917525725282447,0.0024187522376899278,2025-11-30 12:13:50,Lying
-0.01192893303527683,-0.020618729714352708,0.9273684917067119,0.009894777428728099,-0.009349694175715849,0.004591341152015813,2025-11-30 12:14:00,Lying
-0.020943589562603643,0.03388317917581495,0.8743544543429226,0.005436287869626647,-0.009463977945569883,-0.0006676687929615616,2025-11-30 12:14:10,Lying
0.03957684086965787,0.03182666116444305,0.8764727940282993,0.02470990898793021,0.03317542529763121,-0.007989570344308946,2025-11-30 12:14:20,Lying
-0.021872463319539907,-0.02268517569480042,0.8870514360296139,0.01716065633635362,-0.016115609281601904,-0.008727434509929851,2025-11-30 12:14:30,Lying
0.014429574216926033,-0.004154166780772733,0.8700937853880526,-0.005523246642419161,0.06426814750288269,-0.0005469593141177491,2025-11-30 12:14:40,Lying
0.003980125520338031,-0.012313967259519443,0.9087033263692542,-0.019475592656641613,-0.010800674428144717,0.030599485105427992,2025-11-30 12:14:50,Lying
0.01691704158455791,-0.020630442720805667,0.8762158995096251,0.007027492067908838,-0.01958823930483654,0.02117982508585495,2025-11-30 12:15:00,Lying
-0.004824779973538085,-0.042073114244424774,0.8838421902336315,-0.02406419971910125,0.021420483643548278,0.01278593257670955,2025-11-30 12:15:10,Lying
-0.004129465087512502,-0.006769822663568867,0.9068228700436086,0.02305514877909671,-0.007583128401286219,0.004089772996958813,2025-11-30 12:15:20,Lying
-0.002117972161487185,0.018327804473958872,0.914741513883754,-0.006800675777165241,0.0015815808162358456,-0.01835500330218953,2025-11-30 12:15:30,Lying
0.022914905828883968,0.0016801703553842372,0.8810480082597709,0.0022302195390636304,-0.008703124508006609,0.011125704754215244,2025-11-30 12:15:40,Lying
0.0007340264482529053,-0.006726199960665314,0.9043020786283215,-0.006034251362146068,-0.025594534989158545,0.00793796195630992,2025-11-30 12:15:50,Lying
0.0019605014971727005,0.005388493912948696,0.9059363751509344,0.05415980771731225,-0.022460938537938496,-0.013312881839332933,2025-11-30 12:16:00,Lying
0.013313454553465448,-0.00667911688105992,0.9137545070704741,-0.010634107681431297,0.007949085631838607,0.01823185083458921,2025-11-30 12:16:10,Lying
0.011480401532858904,6.780115120392899e-05,0.9108435091761945,-0.017520731224495045,0.0008875189353477501,0.008813234139259232,2025-11-30 12:16:20,Lying
0.01950623117591584,0.030732409558789524,0.8891501083504364,-0.009709594515006699,-0.025522020922557218,-0.020861562960094806,2025-11-30 12:16:30,Lying
-0.015497285759508728,0.0063459456437398665,0.8743194328290264,0.013046527146200818,-0.024259086622219476,0.021571703107718384,2025-11-30 12:16:40,Lying
0.021526605255892766,-0.018671312112051315,0.9007706647183974,-0.030700781650256314,0.019188687549608032,0.030762148314412298,2025-11-30 12:16:50,Lying
-0.021983713084204156,0.011541819455377274,0.8993531863365836,0.02407553974598404,-0.011347013667138616,-0.008758202569422955,2025-11-30 12:17:00,Lying
0.022565337444190186,-0.020959235841946783,0.9174317847286305,0.00730699339014352,-0.007689643899472611,0.008319353329569373,2025-11-30 12:17:10,Lying
-0.01214179430071016,0.00549311414010829,0.9308251314301663,0.01511126495429235,0.013533298904173556,-0.0057265979176807395,2025-11-30 12:17:20,Lying
0.006591673919091173,-0.008053353246025349,0.9427431259596093,0.013055489690756364,-0.011507858548986711,-0.02858699861593626,2025-11-30 12:17:30,Lying
0.008446317894347138,-0.018399636936194494,0.8727033449745056,0.0022254319461597785,-0.02229417806073272,0.032266718756420065,2025-11-30 12:17:40,Lying
0.012816561006510525,-0.048513596402242724,0.8898927680801219,-0.026563212742214463,-0.01943577980261618,-0.012411281840208168,2025-11-30 12:17:50,Lying
-0.01696774025669551,-0.00595341470855105,0.9107199177160109,0.003531099703164258,0.01604983643250179,-0.00693857382351957,2025-11-30 12:18:00,Lying
0.023054692231368374,-0.015582337001926896,0.9127576845231844,0.025901233341269682,0.00537749380651004,-0.011203363101246295,2025-11-30 12:18:10,Lying
0.015945056726321884,-0.0248949584993019,0.8883615176508745,0.014119089499256193,0.012578355439010416,-0.0004694533721269498,2025-11-30 12:18:20,Lying
-0.028121243758527325,-0.012235852931848468,0.9082812247795118,-0.0010276125376789602,-0.025398053686648422,-0.022775186000523546,2025-11-30 12:18:30,Lying
0.0011250212623096299,0.0008153630321808201,0.8664519376068205,-0.005988711125918418,-0.021067792993205093,-0.034202109630753944,2025-11-30 12:18:40,Lying
0.009230129872209869,0.012465005052959739,0.909049385551051,-0.021158444569714618,-0.015315080742233264,-0.02321680632524589,2025-11-30 12:18:50,Lying
0.01747855418654869,-0.02448783644281145,0.9085414086403347,0.02963826064166844,0.022804786115512347,0.03968032861447628,2025-11-30 12:19:00,Lying
0.029524386048084276,-0.023278289623147565,0.9292602358013587,0.05884447204056009,0.0349120074398838,0.03516754095263941,2025-11-30 12:19:10,Lying
-0.00010820929975714065,-0.030687287933038904,0.9114395544535814,-0.01630724038794209,-0.01214505423655964,0.0030176629858242932,2025-11-30 12:19:20,Lying
-0.0034739964780638134,-0.0058571151680701025,0.904702290153688,0.005910863140388519,-0.002630366025954802,0.06856632149938206,2025-11-30 12:19:30,Lying
-0.0038163089451750654,0.017749759311964625,0.9072923398037673,-0.019507756013104033,0.016936636124584386,-0.01184124923189265,2025-11-30 12:19:40,Lying
-0.016804289625445726,-0.014967785665737168,0.8835712350521717,0.003479474872561073,-0.005054461124936944,-0.039814445903699494,2025-11-30 12:19:50,Lying
0.0036548669501442594,0.8512769277813721,-0.039374409610641384,-0.2857547011911772,-0.12248898284171184,-0.2188805533407945,2025-11-30 12:20:00,Standing
0.026815296415128528,0.6736102173224466,-0.018662706332235605,-0.12066993729292744,0.08992686845571317,-0.07018519818820253,2025-11-30 12:20:10,Standing
0.004654373342696286,1.0535595754988902,0.18060245888530235,-0.36455568104497893,-0.07034238322418958,-0.0279821134314429,2025-11-30 12:20:20,Standing
-0.07853530547137307,1.1369295524042975,0.18969121211798856,-0.06280538628239082,0.08793633230898114,0.002468151942144151,2025-11-30 12:20:30,Standing
-0.1357534485375589,0.8439513232344054,-0.13628068166651475,0.11119759749198123,-0.0792151945882509,-0.3152400333578956,2025-11-30 12:20:40,Standing
0.020590983478429387,0.8116767344993678,0.05890988536698966,0.26338833419407226,-0.053080937011783555,-0.07049542771779849,2025-11-30 12:20:50,Standing
0.04867047517741062,0.6873278111726648,0.18076826760910736,0.13290135806544667,0.2018340586839539,0.17398680552559115,2025-11-30 12:21:00,Standing
-0.30967253242220355,1.2265315412115154,-0.08478850689248929,0.0955414360793953,0.26420155028718995,0.08947272011230796,2025-11-30 12:21:10,Standing
-0.1488774386988435,0.9053346987419799,-0.3093179076028922,0.010034605032454395,-0.10270343430038721,-0.04496655923085612,2025-11-30 12:21:20,Standing
0.07485460026771414,0.8501685561153366,-0.13595827675715746,0.23099306222805696,0.03262788022931644,0.14527793685095403,2025-11-30 12:21:30,Standing
0.05933262800094276,0.5738035114243546,0.12274033291513531,-0.08445578337728438,-0.12797908386597445,0.15775203921231112,2025-11-30 12:21:40,Standing
-0.0011302150961905295,1.0501650452894598,-0.03713149673909266,0.32753394611882064,-0.1198551354824279,0.29965611847281026,2025-11-30 12:21:50,Standing
-0.13686062478249714,0.9716589705109424,-0.000437196109104531,0.11645408215612787,0.017840398181736317,-0.09659585009511987,2025-11-30 12:22:00,Standing
0.10831779093595191,1.1544581193111607,0.030928420504707226,-0.0326426140470575,-0.23529844430432764,-0.08068449480420713,2025-11-30 12:22:10,Standing
-0.2560965500131425,1.068298566650725,-0.055241093397512146,0.16680334467608854,0.1859419192933299,-0.1785081543763259,2025-11-30 12:22:20,Standing
-0.059746644031415684,1.1775010230224212,0.11563009079618711,-0.08483533354317863,-0.23390626552691057,-0.036900310230088426,2025-11-30 12:22:30,Standing
0.10361516718788008,0.7584442618762587,-0.23841236309821356,0.06935772748847095,0.037985859235387755,0.03654157403923686,2025-11-30 12:22:40,Standing
-0.03528487587147689,1.0764181287866594,0.02398064839230155,0.14932922264172935,-0.11568255377595445,0.01362844541121727,2025-11-30 12:22:50,Standing
-0.028310959564039635,0.9261610177034086,0.015783456238537122,-0.1396944662263361,0.055280199536426426,-0.1388520746253785,2025-11-30 12:23:00,Standing
-0.17426213851736028,0.894676652442743,0.2305717253097587,0.15846788275790394,-0.06876099839871513,0.06660072594312784,2025-11-30 12:23:10,Standing
-0.2104827388436755,0.6081453501637153,-0.08908367066163961,-0.08862485653647176,-0.1933475312629452,-0.13206912738873447,2025-11-30 12:23:20,Standing
-0.11507915699470987,0.6676025276598809,-0.153837938777338,0.19500892693462965,-0.060145622935578055,-0.1249521771914183,2025-11-30 12:23:30,Standing
-0.07526309482611972,1.0460603408120575,0.005120735473592808,-0.20373640906870957,-0.16626427816868614,-0.1351779744977242,2025-11-30 12:23:40,Standing
0.2088704351675748,0.7312107345248843,-0.1628246434232987,0.2604306450637879,-0.08155285430624257,0.35485249273513697,2025-11-30 12:23:50,Standing
-0.12627380269520613,0.9178867536878659,-0.16359745405976608,0.20532444903536812,-0.2616511508490297,-0.1114553697918126,2025-11-30 12:24:00,Standing
0.07738324014453551,0.9075624478823238,0.09335373082106366,-0.19199331255885646,-0.13236518953759632,0.02962558903589726,2025-11-30 12:24:10,Standing
0.025696854745762356,1.0095231776987186,-0.031151610368209588,0.01267576119050483,-0.12030552919742013,-0.2167833174839599,2025-11-30 12:24:20,Standing
-0.2519820499156451,0.8574217066921586,0.04842875429804515,-0.09395056361596849,0.10965191882555665,-0.20883098847748408,2025-11-30 12:24:30,Standing
-0.10228216331032747,0.9167646128871595,0.1337481515837477,0.23038490290276595,0.06864785224138847,-0.1788605402990844,2025-11-30 12:24:40,Standing
0.15739277667818702,0.9592155767231576,-0.1022126107559639,0.20032944289826526,0.25917590403988644,-0.03734170112329034,2025-11-30 12:24:50,Standing
0.11327802822141028,0.9427350707042103,-0.0981493720013886,0.2165457862030027,-0.16994226595126005,0.2901029434352539,2025-11-30 12:25:00,Standing
-0.156435649299188,1.0030806645707067,-0.26628532207669947,-0.08310763398369864,0.032864189597946694,0.1277991540626417,2025-11-30 12:25:10,Standing
-0.1172406233353279,0.7458785901006098,-0.008117189282751425,-0.09039662227091076,0.07199715150720701,-0.18499348787942446,2025-11-30 12:25:20,Standing
0.026056197552565524,0.7983290431416269,-0.0998428649535479,-0.20666817374535293,0.2548030289719234,-0.21870558251762154,2025-11-30 12:25:30,Standing
-0.08439795713751146,1.1657158650415256,-0.2576718368847852,0.10792535903558813,0.013147024606193831,0.13838080465442978,2025-11-30 12:25:40,Standing
0.014440997305557122,0.8796363888759557,0.28438401598108093,-0.03200664878208417,0.22715468570671718,0.07133163868253979,2025-11-30 12:25:50,Standing
-0.055952340549270355,0.9669097363857068,-0.2748196293225561,0.07210361662670901,0.20533712960050643,0.06827717508535308,2025-11-30 12:26:00,Standing
-0.0035697569961075947,1.057684585270188,-0.10352067924553648,-0.014688788046342835,0.21918853716697095,0.29665583611869417,2025-11-30 12:26:10,Standing
-0.056247266441306,0.8163781603766641,0.03435802868097212,0.028911211367466053,0.04569019243862256,0.22734759908978938,2025-11-30 12:26:20,Standing
-0.035416583022308164,0.5792595063941541,-0.031799009777122716,-0.05363371321566369,-0.0838248937763822,-0.05103195524816316,2025-11-30 12:26:30,Standing
-0.08039416706911263,0.7563379695793503,0.15770024669320337,0.0972633953879066,0.06661418429401407,0.002862813053177827,2025-11-30 12:26:40,Standing
-0.04809807087321865,0.7591877432491434,-0.2578381685421891,-0.015603328934255716,0.12157464526496817,-0.17943762194035529,2025-11-30 12:26:50,Standing
-0.09180479218834461,0.8269528570732992,0.24774387288657684,0.18216451165710987,-0.04012184643927104,0.1112395626225554,2025-11-30 12:27:00,Standing
-0.21229357587841172,1.1802748159131893,-0.09452239092561723,0.16993612362776264,-0.02410312687752692,0.12724516211020329,2025-11-30 12:27:10,Standing
0.16805144609902453,0.9892539587860346,-0.09394238200964573,-0.13841727315661834,-0.07552342477244219,-0.20749545557581087,2025-11-30 12:27:20,Standing
0.11784957595589665,0.7170914357987451,-0.06756568400400706,-0.23442557988961257,-0.020040797388299798,0.17343613958713863,2025-11-30 12:27:30,Standing
-0.21694355894255066,1.065154038579836,-0.1989703789216924,0.11661702263281676,0.028858174414915325,0.12689309699266674,2025-11-30 12:27:40,Standing
-0.12803621076051075,0.8394656206045369,0.20664098111639065,-0.07346641957678063,0.007368230644929441,-0.03716210694865479,2025-11-30 12:27:50,Standing
0.011456219525955928,0.9160725450762944,0.11054161964301258,0.04749191080038807,-0.4393355383794659,0.014829097099374586,2025-11-30 12:28:00,Standing
0.031437250030604325,1.0293039629031369,0.042022183985068275,-0.24328929296062168,-0.07995712736868252,-0.10237303674850251,2025-11-30 12:28:10,Standing
-0.15059886419033144,0.9416227593108355,-0.09180606633032685,-0.01950906257704845,0.2174871378311481,0.14266074013423385,2025-11-30 12:28:20,Standing
0.26988516190842415,0.973675957154031,0.013921303379524512,0.08330530650057198,0.1701027509941648,-0.027197085665213467,2025-11-30 12:28:30,Standing
-0.025787116518495717,0.84346936552032,0.015318171278647234,-0.07787502837966721,0.19766396916122173,-0.27508203833229,2025-11-30 12:28:40,Standing
-0.09292079874198406,0.7899672761533045,0.20681165368345467,-0.21934879405164207,-0.06054091172917423,0.1206232651210951,2025-11-30 12:28:50,Standing
0.0469364871081208,1.0552219973793182,0.279648299392602,-0.2984436910352838,-0.04075342586281017,0.13963372775101318,2025-11-30 12:29:00,Standing
-0.05464260956599421,0.8689503940513004,-0.07926495862977735,-0.3183026361891282,0.08397424846590965,-0.008035183280786885,2025-11-30 12:29:10,Standing
-0.10395093280698335,0.6082401593528994,-0.07417593824177733,0.07513353283611633,0.1535743134810442,-0.00877595928738846,2025-11-30 12:29:20,Standing
0.03475474592354764,0.820722378055798,-0.04529027574236681,0.14856482326245019,-0.059152609237824685,0.09763383875873881,2025-11-30 12:29:30,Standing
-0.23161142056875272,0.9926272528150445,-0.056672841780914994,-0.25178333419166027,-0.01259885081073123,-0.055603278201196045,2025-11-30 12:29:40,Standing
0.15984370843380044,0.8384213021770418,-0.35773382846518065,-0.014700272106970514,0.0867144912539219,-0.005861128885972026,2025-11-30 12:29:50,Standing
0.14203165302092488,1.0816556767337775,-0.13111186844700187,-0.033304310552207214,0.25841991636294626,-0.03649002636905193,2025-11-30 12:30:00,Standing
0.027774454418399694,0.7699063617120518,0.0077563233766131294,0.0670708975895539,-0.013731019571736941,0.27813201519717756,2025-11-30 12:30:10,Standing
-0.16763515136656407,0.8010490107114643,0.1833074950204361,-0.060683928983938505,-0.0800852418155208,0.03750036108047176,2025-11-30 12:30:20,Standing
0.07224134713785398,0.7472471627477224,-0.007069713920543404,-0.04376540209940107,-0.030368294931315175,-0.1358757395815089,2025-11-30 12:30:30,Standing
0.08881472340510843,1.0589185235459349,-0.06062628797657309,-0.1954751225436451,-0.21549771215302344,0.13937134031749165,2025-11-30 12:30:40,Standing
-0.05863188661676436,0.6566152196070322,-0.09187712107518979,-0.2433657356833746,0.12545817659628575,-0.09300544052423833,2025-11-30 12:30:50,Standing
-0.09495821628117805,0.784212032912702,-0.012907903380692802,-0.21314090879435113,-0.16261313009634876,0.21794325790491165,2025-11-30 12:31:00,Standing
-0.07162779472023736,0.460150351943592,0.26267350650510357,0.1453709622632178,-0.04454850006850505,0.17122054033107187,2025-11-30 12:31:10,Standing
0.05209335674325338,0.8513649880896885,0.08062746004981634,-0.09735559779401233,-0.21412029355445897,0.1518995014064157,2025-11-30 12:31:20,Standing
-0.014064570655226172,0.7728084336548464,-0.13215126292329293,-0.07341026557835106,0.017885179841046803,-0.030709198371033794,2025-11-30 12:31:30,Standing
-0.18791263009250267,1.0308642998579807,0.31484717205429813,0.07212335165867317,0.1195749598760571,0.025849621243268256,2025-11-30 12:31:40,Standing
-0.24774890902926813,0.7214023182259497,0.03138021214341124,-0.27588165460749525,0.012736278720264166,0.13937366069423573,2025-11-30 12:31:50,Standing
0.15168829348856414,0.8244111364514175,0.00890944331392649,0.17563964155897013,0.1386225066779508,-0.020372076040095766,2025-11-30 12:32:00,Standing
-0.13853165733743314,1.0278049558906501,0.04510849302987678,0.08407956575778115,-0.21083999611139773,-0.2753368501453816,2025-11-30 12:32:10,Standing
0.29345934904598886,1.1050986395318956,0.007999603564296633,0.09033085241983592,0.1456964627020741,-0.08538192964182431,2025-11-30 12:32:20,Standing
-0.31745084119019334,0.7594924936536812,-0.028615484291672173,0.09784649983972456,0.15798956776422976,-0.15552742868862693,2025-11-30 12:32:30,Standing
0.36869999800899816,1.19028904145013,0.0499261403032193,0.13619720625754045,0.06242284470281554,0.11325723062154511,2025-11-30 12:32:40,Standing
-0.02925577027079508,0.6303875865373978,-0.15034336429661505,-0.2757359456381496,0.008979134635321934,0.06570710654798549,2025-11-30 12:32:50,Standing
0.048415693925563184,1.0339725839769727,0.06531405903592247,0.23278502929631234,-0.14482736737082058,0.03660105917862605,2025-11-30 12:33:00,Standing
0.006290331538912336,0.6846315211058829,-0.18366947541978554,-0.019243275233369557,-0.04626441070468124,0.25894388071918323,2025-11-30 12:33:10,Standing
0.017618340424022844,1.139107511888475,-0.1322016891437819,-0.08965972131694822,-0.09093314662820505,0.07195379067287491,2025-11-30 12:33:20,Standing
0.1157413371875417,0.895234372882286,-0.22464603200814023,0.19152968071944268,0.013232034044175526,0.15960033366474946,2025-11-30 12:33:30,Standing
0.21887054796790872,1.1386921915105426,0.12024970810940094,0.08489800332268883,0.138420949698153,-0.12671739538606322,2025-11-30 12:33:40,Standing
-0.37198595517337746,0.8762799354505834,-0.048108414538575076,0.25342190564924527,0.17156314828025163,0.11284070044763134,2025-11-30 12:33:50,Standing
0.014199961656780252,0.762095440481774,0.04906008341438157,-0.08331149496180089,-0.32781445154290634,-0.046215367604438645,2025-11-30 12:34:00,Standing
-0.23611830626085334,0.7881054614820525,0.024784858263361555,-0.09205377929696865,-0.18575281103880206,0.07044940278284169,2025-11-30 12:34:10,Standing
0.07568094832290331,0.9550265138649394,0.19258877294087842,0.009845635816868417,-0.2469913745505263,-0.06273138887829093,2025-11-30 12:34:20,Standing
0.02134532576442554,0.6873157295910801,-0.1304110792419972,0.11182388197858377,-0.10698693079271741,0.021932226140912666,2025-11-30 12:34:30,Standing
0.033389168900463055,0.6268447676091993,-0.22268961707602844,0.02992937301032202,-0.33773585530383243,0.1326118516543332,2025-11-30 12:34:40,Standing
0.0957847195431839,0.9333495484733019,-0.059983591934618836,0.06552512888795975,-0.11885583697166076,0.5212445059865347,2025-11-30 12:34:50,Standing
-0.04342849391743313,0.8546792500623914,-0.02795535795656118,-0.022487122296652597,-0.1999000251356304,0.3184354500287761,2025-11-30 12:35:00,Standing
-0.08372196596789322,1.062403497488367,-0.20274949251227967,-0.014035782083027791,0.14200012584582744,0.020908937482919547,2025-11-30 12:35:10,Standing
0.038101505735177295,0.8973154901492983,-0.044208150205029426,0.0545381551814322,-0.03162794375557898,0.3009693095805062,2025-11-30 12:35:20,Standing
-0.29981831327570946,0.8393172784319521,-0.1589906864168559,0.1462097074388358,-0.10749973210811209,0.08086914165600725,2025-11-30 12:35:30,Standing
-0.09589209928169212,0.8991770163462297,-0.0652062018340282,0.24207505266093185,-0.07068317118321919,0.12523930913540082,2025-11-30 12:35:40,Standing
-0.057701104228474215,0.9765131781017395,0.10162740795062919,0.27703047929939567,0.0988704672555036,0.06852113019167712,2025-11-30 12:35:50,Standing
0.049563143578551336,1.0427794490685436,0.34529771926170166,-0.2381358298988285,-0.08520004822778847,-0.07431906283373513,2025-11-30 12:36:00,Standing
-0.07111973951656363,1.2009564656715384,-0.20058906419397138,-0.07428434954570715,0.15642990503127532,0.17290571064218654,2025-11-30 12:36:10,Standing
-0.003406769352897841,0.8445418679285386,-0.20270268848332343,0.12483586683134455,-0.2575536729161507,0.12145325548124765,2025-11-30 12:36:20,Standing
-0.13281489889960882,0.9421363507681367,-0.18126450112628575,-0.236097702566365,0.022346736859060252,0.050149953155899665,2025-11-30 12:36:30,Standing
0.14053229830515587,1.0201406418727794,0.09885040973505774,-0.10801577078214675,-0.01617174495786488,0.026064393234694068,2025-11-30 12:36:40,Standing
0.10640590635961363,1.0182887597379033,0.06422003526945791,-0.08202890970104938,-0.09112212496385938,-0.27127015808904775,2025-11-30 12:36:50,Standing
0.16160954753266335,0.6322601948586501,0.12907535161153263,0.1093415707719783,-0.24163817974889684,-0.04744157591321394,2025-11-30 12:37:00,Standing
0.040108322224546154,1.0666055548006375,-0.2059374475404129,-0.040533983767037894,-0.11342504166951775,-0.10439991806935017,2025-11-30 12:37:10,Standing
0.04614101723073002,1.0633770388056323,0.1966188758063115,-0.07738075537223509,0.08040106732345986,-0.08812631475991108,2025-11-30 12:37:20,Standing
-0.09284506307693977,0.8743889758214903,0.10516230789003055,0.1426064356956278,-0.1727230454290901,0.03770437541676089,2025-11-30 12:37:30,Standing
-0.11157072077142412,0.939871741203449,0.059178135836016735,0.10399033571146483,0.04299789450810082,-0.2115452410698268,2025-11-30 12:37:40,Standing
-0.1548723023538593,1.0407652867256392,-0.04690712392475737,-0.19440853755934398,-0.1758570006296944,0.07918441055869872,2025-11-30 12:37:50,Standing
0.01766104465494832,0.9343378000957608,0.0704825443850835,0.18831543071751902,0.1499416749388042,-0.17453978779803303,2025-11-30 12:38:00,Standing
-0.13837966028700052,0.857255251373952,-0.21621170851934682,-0.010358970778253039,0.0732409561904414,-0.06474713502183874,2025-11-30 12:38:10,Standing
0.22959120699176533,0.704020489091852,-0.2207247304827238,0.016885069819168517,0.1895654447255215,0.0362325266213403,2025-11-30 12:38:20,Standing
0.04190339185546123,0.986119106138118,-0.03163643482777079,-0.05653810659445213,-0.026606512404414934,-0.04602618644466467,2025-11-30 12:38:30,Standing
0.028537336375356884,0.9203071060010144,-0.07525102184733232,0.0018775548783722317,-0.143889631760926,-0.0006924293972739647,2025-11-30 12:38:40,Standing
0.1868553488290874,1.1636642135355488,0.1497268668830164,0.21851355371822892,0.25325095470714665,-0.11853657586534035,2025-11-30 12:38:50,Standing
0.06807445679394361,1.1797977503616612,0.02147562612152293,0.016785632826112788,0.2213793478663035,-0.03400829911559785,2025-11-30 12:39:00,Standing
-0.1366216291587628,0.7819208581079302,-0.17597692876371304,-0.23999937804460478,0.08792537650570201,0.21395337503019574,2025-11-30 12:39:10,Standing
-0.15016382722266755,1.0453646941549748,-0.26400215775898656,0.24166872157682126,0.14954676914980397,-0.24866432631721996,2025-11-30 12:39:20,Standing
-0.14702563767418061,0.7619450585814903,-0.031692390150968495,0.12914379244225452,-0.044062475432685065,0.09697258031842006,2025-11-30 12:39:30,Standing
0.08380162301787793,0.9892941007147021,-0.17912197301710564,0.013681334965246832,0.31098385320184746,0.068406321336501,2025-11-30 12:39:40,Standing
0.06828593919639044,1.0396135699868636,0.12711377058917261,0.25231258609071583,0.09816671020102076,-0.03306491481023447,2025-11-30 12:39:50,Standing
1.0348267762543149,0.4225506537589742,0.8781915676453967,0.059617517087239134,-0.8731217011649544,-0.0009955335517053557,2025-11-30 12:40:00,Eating
-1.1098479390657927,-0.121134603395082,-0.14439419808217668,0.4327942167380861,-0.23900600678800035,0.5000057432258771,2025-11-30 12:40:10,Eating
0.8993143777135827,0.9116007848371332,-1.2564162453597523,1.1605327189808314,-0.08280144799512561,-0.17673255146271735,2025-11-30 12:40:20,Eating
1.3328030084959632,-0.2955841900232342,0.28807031830741475,0.2504942986036845,-0.0618190191546162,-0.7956902909003721,2025-11-30 12:40:30,Eating
0.9262422144571497,0.6782758656721086,-0.24852919183120398,0.6056053038895709,-0.33412735617601136,-1.1354996520369776,2025-11-30 12:40:40,Eating
0.035200444761524674,0.7232906630549052,0.17330529892875188,0.20537213520787764,0.30694847650337,-0.006432649816162434,2025-11-30 12:40:50,Eating
0.07358956621861573,-0.31164329387402195,-0.19519233393938476,0.10520707229107128,0.048269781134524695,-1.3512539054576036,2025-11-30 12:41:00,Eating
0.5660055260914757,1.3214236576530982,-0.12796125689254761,-0.47116658164937075,0.6302733341165255,-0.3612933401284616,2025-11-30 12:41:10,Eating
0.5472855529822198,0.7334265773632592,0.46584986673925527,-0.13202664982546125,-0.5098993374954337,-0.12911138124514915,2025-11-30 12:41:20,Eating
0.0704171489951057,-0.3843914264690094,0.12151442761104547,0.6294278966919687,-0.7421537793253332,0.014006672861169706,2025-11-30 12:41:30,Eating
0.20937018766347015,-0.719285559312723,0.13328528524695402,0.6437327509375577,0.7120921075703837,0.5844070537436539,2025-11-30 12:41:40,Eating
0.991007159747602,0.37403956467458127,-0.3319877983774316,-0.2208320050934821,-0.456959169996489,-0.08251041987922328,2025-11-30 12:41:50,Eating
-0.09789970528450676,0.744547356188599,0.08868224413408908,-0.4187339552419868,0.7395251412012354,-0.6052575445579264,2025-11-30 12:42:00,Eating
0.5140442941675326,-0.8599081540181919,-0.08119756599353042,0.26348385838829425,-0.1932296450274735,-0.4574457204687278,2025-11-30 12:42:10,Eating
0.8091940776703237,-0.6129240829566905,-1.4877285234990327,-0.720439239371059,0.32690180157597465,0.23790230966279333,2025-11-30 12:42:20,Eating
0.7407472551404864,0.2709028551226561,0.359557558084805,-0.01898314936110144,-0.049851426761816364,-1.0800668562945006,2025-11-30 12:42:30,Eating
0.2602342490523774,-0.0067823614833835,-0.9170742707439368,-0.049798437677562694,-0.21491802542040567,0.01365776431940442,2025-11-30 12:42:40,Eating
0.02024947252270559,0.3669230733700642,-1.3610258527832386,-0.06815024020937228,0.39942968714324306,-0.5624898087615602,2025-11-30 12:42:50,Eating
0.6895680120669845,0.33064230111826837,-0.6598484407489513,-0.7029542320316942,0.9154266737238768,-1.1602012171911351,2025-11-30 12:43:00,Eating
-0.04175170021818653,-0.35925681020583244,-1.23864187548967,0.4238835209317953,-0.1319907108533188,0.33716099265419813,2025-11-30 12:43:10,Eating
0.36313543477226545,0.0670838862155485,0.14712171685225095,0.510125060224364,-0.08590291682307759,1.167620458723424,2025-11-30 12:43:20,Eating
0.06381077509577027,-0.9403946186448809,0.1914575105750949,1.06273576223929,-0.5262037872477224,0.7347262316022342,2025-11-30 12:43:30,Eating
1.238313318868963,-0.16718735449923725,-0.12043306121870545,0.5453817745024779,-0.11515284368269064,-0.6582548621476589,2025-11-30 12:43:40,Eating
0.18325042961102966,-0.07324398492261806,-0.18857710801937863,-0.5202270423732903,0.4245897378995738,1.0414187202216656,2025-11-30 12:43:50,Eating
1.1457693647577938,-0.18261415942557407,0.11750549537659961,0.15346589137949365,0.3723286538172287,0.4429646353812366,2025-11-30 12:44:00,Eating
0.0882576959208175,0.17679891110234294,-1.06857049045615,0.3013506536117773,-0.09994972893050554,1.0239514305564736,2025-11-30 12:44:10,Eating
0.8251980759279395,0.1792234244290314,0.7201571244149471,0.7967102706372909,-0.8620916114485397,-0.1628756867600296,2025-11-30 12:44:20,Eating
-0.45036863121406656,-0.7093132341226583,-0.5305409714986283,1.771800737854983,0.5123053119987334,0.10204974710972453,2025-11-30 12:44:30,Eating
-0.5947332529772977,0.18717889092613382,-0.16953469292097875,-0.3373038204475255,1.6187592733951155,-0.5786513114331439,2025-11-30 12:44:40,Eating
-0.04564951267504602,0.20201339116960193,0.250046090991497,-0.743656567565995,0.3388058934298311,-0.09603543651756244,2025-11-30 12:44:50,Eating
0.19958511187113986,0.0033338404743423343,-0.5495037050365283,0.1723910547397293,0.2873136340345546,0.1342171947611191,2025-11-30 12:45:00,Eating
0.7628543186234378,-0.8068495188011976,-0.8117313413397769,-0.27841170628683765,-0.39535087671128916,0.23407853710914128,2025-11-30 12:45:10,Eating
0.8138240007346575,-0.20300696753866507,0.4725654416774153,-0.8834859959369118,-0.44410585330207747,-0.5976986509869128,2025-11-30 12:45:20,Eating
0.22509362645840675,0.10961083729148981,0.34299120521249893,0.19103818295914196,0.1423976206235813,-0.001089946237453777,2025-11-30 12:45:30,Eating
0.811609985896715,-0.5150177857836152,-0.5956152392192401,0.6131714289633153,0.4519534279468571,0.7391843289005241,2025-11-30 12:45:40,Eating
1.3152948646906895,-0.4211620897903977,0.8067838903948824,1.1128451501519763,0.6153647497829537,-0.09317053051927794,2025-11-30 12:45:50,Eating
0.2695261023183732,-0.5490711778335805,-0.8414418874444575,-0.3303958095195663,0.8564070075574973,-0.2608297604702507,2025-11-30 12:46:00,Eating
0.8957943346759922,0.005505298551847201,-0.5114344094140134,-0.9387281563729506,0.2505036931016273,-0.502902230148651,2025-11-30 12:46:10,Eating
0.5225814659620093,-0.22925495283085637,0.5056063056551239,-0.6449453767673881,-0.03990099311734473,-0.17450174988088732,2025-11-30 12:46:20,Eating
0.3540300742023012,-0.014630599112133972,-0.1788115847295432,1.0079090059875737,-0.7565508463060028,0.2966353804828834,2025-11-30 12:46:30,Eating
0.3714844894722906,-0.03435695846287472,0.5145681372589856,-0.3250376915846363,-0.10588024880636697,0.4091989794299387,2025-11-30 12:46:40,Eating
0.4866380539972081,1.114660337889397,-0.04734048220968821,-0.9988429599626341,-0.22835999800731607,-0.05491190007194348,2025-11-30 12:46:50,Eating
-0.024567944597284508,1.440278454600544,0.24622201353233303,-0.023064430075554775,0.1126670856308713,-0.6218679224854203,2025-11-30 12:47:00,Eating
0.17815417399931383,0.3230675371667878,0.1275247640836712,-0.2015910607787367,-1.1106932698390437,0.26649701293836514,2025-11-30 12:47:10,Eating
0.1870597208588597,0.23108536621688186,0.8428741239229555,-0.49908264807616304,-1.2056139208575363,0.27187652054131717,2025-11-30 12:47:20,Eating
0.12794263038449571,0.6182646484454354,0.009346273833888582,-0.6065824669127354,-0.28248199767476045,-0.9850865273882703,2025-11-30 12:47:30,Eating
1.5139216148490349,1.0631557512153735,-0.2555165594802305,-0.464223134417815,0.5377362700893954,-0.2734144450093905,2025-11-30 12:47:40,Eating
0.6538074428492545,0.16293558790841164,0.17653280019771864,-0.05963304697723969,0.1681652393891574,-0.12361674969076193,2025-11-30 12:47:50,Eating
0.5098118081841858,0.586685847397007,0.05598704890029026,-0.31780487683599135,-0.03418343882774304,0.39325026937193686,2025-11-30 12:48:00,Eating
0.014554426897598505,-0.4614644098525996,0.5343428957626943,0.04096171275707855,-0.0010056462923974643,0.7708189879135112,2025-11-30 12:48:10,Eating
0.06683828676000902,-0.34132337870750196,0.3125496840370839,0.4761979517714871,-0.1774287036087139,-0.37846421174465517,2025-11-30 12:48:20,Eating
0.009358394667098036,-0.2648621872667371,-0.14165936261632145,0.483088673660799,0.07574061847697537,1.0232625832539897,2025-11-30 12:48:30,Eating
-0.004235728183925591,0.8285691625165261,0.2265361779044087,0.9985703732961541,-0.7638774740347273,-0.09342033444344788,2025-11-30 12:48:40,Eating
0.8802415503687049,0.2584571861007798,0.810013685496164,-0.7982920167304748,0.029778447075194205,0.3492959744292571,2025-11-30 12:48:50,Eating
0.6084413500029019,0.37621700411061576,0.7216378042366209,-0.2832851227363766,-0.4268269738805702,0.7152657898149033,2025-11-30 12:49:00,Eating
1.5958581287631182,-0.5695639090103208,-0.30051311078048487,-0.8335897215672975,-0.0018588325336485192,-0.5590886662145819,2025-11-30 12:49:10,Eating
0.3409774108641873,-0.6660334789806506,-0.2015630457052612,0.6291614221492147,0.44201534545337706,-1.050670902469102,2025-11-30 12:49:20,Eating
0.2966888738836868,0.129813096755301,-0.36954761380901346,0.19446987730293966,0.44485883099915235,0.9871852469187814,2025-11-30 12:49:30,Eating
1.202979587675347,-0.19797266959614537,0.2758114156266143,-0.19193703891812397,-1.341490389542619,0.45969487414257565,2025-11-30 12:49:40,Eating
0.07642154517117422,0.31824446286397784,0.5599156714613783,-0.524433437637858,-0.4452427374094448,0.11151056421452232,2025-11-30 12:49:50,Eating
0.6961496386340307,0.36323863812718243,1.156561567508531,0.34069051110956683,0.3638240132532981,0.2543442650901359,2025-11-30 12:50:00,Eating
0.7001159511951925,0.35766422773404094,0.2624402744670582,0.16628058903804396,-0.1803780447538997,0.025203184633374707,2025-11-30 12:50:10,Eating
-0.0010422352429486637,-0.07076490964420408,-0.19142171847253406,-0.46770455941373534,0.3925558373023345,0.7590016618141736,2025-11-30 12:50:20,Eating
0.8143041604891414,0.4897487407901021,0.03652721014773819,-0.2836606931286087,0.6867047575885586,0.37532275781118346,2025-11-30 12:50:30,Eating
1.4924221047126771,0.22885529737032267,0.18268179361039408,1.86069059623832,-0.2679444559292942,-0.546236261496273,2025-11-30 12:50:40,Eating
0.012355349690217676,0.266964713309882,0.2947396474082333,0.7553465925887796,-1.7351382183679165,0.39608522820324354,2025-11-30 12:50:50,Eating
1.3929716643832575,-1.2809448383029045,0.20580943846850655,0.6985143278304593,0.24439733550426654,0.05310160202168982,2025-11-30 12:51:00,Eating
-0.07921729130658306,-0.5949948037517903,1.580334149844848,-0.03795005173481293,-1.0627869475489236,0.1602067847551766,2025-11-30 12:51:10,Eating
0.8028723171567239,0.1057869586407203,0.9336616825742672,-0.3108344267335908,0.47782916661884284,-0.48221275293761295,2025-11-30 12:51:20,Eating
0.2926876396079797,-0.2551066808811915,0.04787866334901186,0.9408257116129161,0.5697749361263117,0.051106100379946576,2025-11-30 12:51:30,Eating
0.5140836461616175,0.6255759773114958,1.174469733766591,-0.7580287227655863,-0.3329924649732552,-0.7633284330950568,2025-11-30 12:51:40,Eating
0.24193951026670307,-0.40369769306406156,0.3204942198712818,-0.3590888306917938,-0.16782072711149956,0.08939900636532452,2025-11-30 12:51:50,Eating
0.5153214266201788,-0.52881324987039,0.4863749371485888,0.13030957395625142,0.7262999059114624,-0.03308173329378919,2025-11-30 12:52:00,Eating
0.7537319396644768,0.07269556867407836,0.1742680366675737,0.5564695620687217,-0.6814661790167125,-0.4166032177137772,2025-11-30 12:52:10,Eating
-0.011390472071174385,-0.5636760165377342,0.40585640741635226,0.032102455349334855,0.7041993170510868,0.22336329873670613,2025-11-30 12:52:20,Eating
1.0199851444063335,-0.2416778384728074,-0.5528792445799642,-0.9670597498092645,-0.41287954760404644,0.23910176911726103,2025-11-30 12:52:30,Eating
-0.006447970889710386,-0.19490843506600486,1.2031297442236417,0.1824561219901412,0.4806064835351383,-0.028439781670851504,2025-11-30 12:52:40,Eating
0.40283977073364874,-0.5572550544864249,-0.23572920201124076,-0.8900859096448109,0.4823413243407057,0.3595222452917753,2025-11-30 12:52:50,Eating
-0.022833957452354392,0.37438027751177366,0.36673023969849794,0.8952794756111175,0.42838720518742396,0.8356179912215423,2025-11-30 12:53:00,Eating
0.5064053156216776,0.7658153822590722,0.21965270974925435,0.2301807997849743,0.4679820450792927,0.23857383453810632,2025-11-30 12:53:10,Eating
0.6787793462868875,-0.16098935624518787,-0.0012714794833140744,0.5415451109058207,-0.07904425656845893,0.8525691798429638,2025-11-30 12:53:20,Eating
0.9259223332212723,-0.08110979850859683,-0.30760231998646875,0.7375442099765103,-0.7686659341798084,0.1567388674742757,2025-11-30 12:53:30,Eating
1.078666366182579,-0.10756513956640326,-0.5187279674698165,0.6160641750872778,-0.09374938352570202,0.3592283803862649,2025-11-30 12:53:40,Eating
0.32294413609415873,-0.9011081247516892,0.13511494466889074,0.24170700728822972,-0.2731766176966015,-1.0092747894564984,2025-11-30 12:53:50,Eating
1.3084660135143813,0.020638608465693906,-0.8425184653639465,-0.47032740277308926,0.4729404807985002,-0.8245246461593467,2025-11-30 12:54:00,Eating
-0.11249799261294557,0.20076758634239028,-0.6605862487751765,-0.3538704572786219,-0.0993793941070508,0.09432872539840423,2025-11-30 12:54:10,Eating
0.7257997753593433,0.5154559924835055,0.1135591455745883,0.007592427722193318,0.5944980601456143,-0.032039675316765416,2025-11-30 12:54:20,Eating
0.2696279164814527,0.12457590852103145,0.06230566354299936,-0.5723295367254401,0.7305911992373457,-0.31901260170320483,2025-11-30 12:54:30,Eating
0.017719046185061094,-0.06443254410888116,0.38739189307676,0.4203446291676908,0.2051771691286546,0.15900703933557492,2025-11-30 12:54:40,Eating
-0.5090405146405697,-0.6338551406854182,-0.7666554848034766,1.129865206554471,-0.04876810935627901,0.49522996188685453,2025-11-30 12:54:50,Eating
-0.0647258506602929,-1.0489741570445468,-0.5471344989569429,-0.16551436953058718,-0.0888254046089502,0.2480746440614787,2025-11-30 12:55:00,Eating
0.570565071417548,0.10173594269164803,0.598671172064697,-0.6643433524943665,0.40357600913703034,-0.10413645092006792,2025-11-30 12:55:10,Eating
0.5537195832587218,-0.48295135070727485,0.6803738548335182,-0.6515025117224145,-0.29810054574786615,0.5997817856155225,2025-11-30 12:55:20,Eating
1.2544249278394024,0.47655793628104287,0.31754637877125097,-0.7931503493206636,-0.33341871216375674,-0.12010059170117823,2025-11-30 12:55:30,Eating
1.0815846844054091,-0.6809966496876928,0.49891464265679825,-0.7394899671626199,0.12485892347392966,0.4439439573273701,2025-11-30 12:55:40,Eating
0.6388219550025607,0.302581623199625,-0.26718722781928345,0.3258891461225086,-0.36424903084116184,0.5655858104119013,2025-11-30 12:55:50,Eating
0.708625316499021,0.3291537218801691,0.4631142500775839,0.6339925138125724,1.216028105801415,-0.5946738961386727,2025-11-30 12:56:00,Eating
-0.5683101632228573,-0.011599793652272934,0.35968158324743676,0.11966133869586622,0.7283967067303887,0.5445569193514791,2025-11-30 12:56:10,Eating
0.511324542415752,-0.40038406517256864,-0.16581007518390722,1.3159652394585062,-0.24044494875795658,0.5369587012642923,2025-11-30 12:56:20,Eating
0.0902027110731114,0.39518831879505306,-0.37603777792549786,0.5369455652905217,-0.3558106128571991,0.325109445805384,2025-11-30 12:56:30,Eating
-0.32126941062452563,1.2618801339057903,0.21569066057905853,-0.0742212131016616,-1.1311756512073134,-0.29257524072098184,2025-11-30 12:56:40,Eating
-0.42361511856203404,-0.5714191173001665,0.3350916739586343,-1.378329256790536,-0.40196916993896786,-1.0729791146585075,2025-11-30 12:56:50,Eating
0.5040053633545688,0.18207263514294364,-0.2672209464424223,-0.18466578993630095,-0.3343827554099126,0.18265612685408766,2025-11-30 12:57:00,Eating
-0.8628266354986751,-0.025428613228065864,0.23575535795183122,0.09856879565584611,-0.3317467997155641,-0.3871064901973873,2025-11-30 12:57:10,Eating
-0.16990274444058018,-0.28289519199164426,1.385602142369808,-0.13519864829897313,0.2968044710532747,0.5529297902629884,2025-11-30 12:57:20,Eating
0.7537362428475916,-0.13327797288694349,-0.8721986801651632,1.440568744503518,-0.47532334289928546,0.7210150283067118,2025-11-30 12:57:30,Eating
0.11198394655642091,-0.21808357586494484,0.9401983842716989,-1.0761660836893778,0.09329747154461544,0.5143025634182495,2025-11-30 12:57:40,Eating
-0.8482373897228019,0.4594829693533286,-0.7507931186310355,-0.499481897530422,-0.7939464490247551,0.04836952073151217,2025-11-30 12:57:50,Eating
0.5384729217619394,-0.22773766833825237,0.33875335510687815,0.27484348850580764,0.506708204604113,-0.03918656588119425,2025-11-30 12:58:00,Eating
1.149065062870223,-0.9476449618794902,-0.31124479859203347,0.40428006379540793,0.7713596609437007,0.6402491742760562,2025-11-30 12:58:10,Eating
1.2307930051754326,-1.0275425128710551,-0.2373261283657019,-1.0019364423361787,-0.7001917653718089,-0.4882305231146691,2025-11-30 12:58:20,Eating
0.042802217546372534,0.17212637170522418,0.3409064134796378,-1.056409322204543,-0.08432837105713167,-0.5433614567676266,2025-11-30 12:58:30,Eating
1.0721550751694615,0.04238732050628121,-0.7966336469978753,-0.7937950962937218,-1.2916379242496916,0.051279970106848524,2025-11-30 12:58:40,Eating
0.3923076665722003,0.6998574944314756,-0.2990899979035907,-0.14233228866144615,-0.733904886391115,0.1250881414418226,2025-11-30 12:58:50,Eating
0.7465599470169554,-0.5659299982917908,-0.8551674273753259,0.491136288633764,-0.005764458344712287,0.61095139153869,2025-11-30 12:59:00,Eating
1.397513830606609,-0.11117290739067921,-0.6164858991863801,-0.19419199150790584,0.4797389105079232,-0.36287262175614543,2025-11-30 12:59:10,Eating
0.5008032434359644,-0.19528634123373015,0.774820458400727,0.9232804605214762,-0.08152872321101601,0.264203120510168,2025-11-30 12:59:20,Eating
-0.19821018776652644,-0.17662281088526563,-0.2558383686674736,-0.8087016975795938,-0.5948456790366456,-0.42069054988320026,2025-11-30 12:59:30,Eating
0.6597400511001523,0.9469107518485361,-0.7842665851744101,-0.9661430798146341,0.5339741127006822,-0.16382910850286983,2025-11-30 12:59:40,Eating
0.5386773795922482,0.8004737274254441,-1.2909759933850582,0.4663158156248038,0.20016865339853349,0.8578458334977418,2025-11-30 12:59:50,Eating
